[
  {
    "flipbook_texture": "textures/blocks/fire_0",
    "atlas_tile": "fire_0",
    "frames": [ 16, 17, 18, 19, 20, 21, 22, 23, 24, 25, 26, 27, 28, 29, 30, 31, 0, 1, 2, 3, 4, 5, 6, 7, 8, 9, 10, 11, 12, 13, 14, 15 ],
    "blend_frames": false
  },
  {
    "flipbook_texture": "textures/blocks/fire_1",
    "atlas_tile": "fire_1",
    "frames": [ 0, 1, 2, 3, 4, 5, 6, 7, 8, 9, 10, 11, 12, 13, 14, 15, 16, 17, 18, 19, 20, 21, 22, 23, 24, 25, 26, 27, 28, 29, 30, 31 ],
    "blend_frames": false
  },
  {
    "flipbook_texture": "textures/blocks/cauldron_water",
    "atlas_tile": "cauldron_water",
    "ticks_per_frame": 2,
    "blend_frames": false
  },
  {
    "flipbook_texture": "textures/blocks/lava_still",
    "atlas_tile": "still_lava",
    "ticks_per_frame": 2,
    "frames": [ 0, 1, 2, 3, 4, 5, 6, 7, 8, 9, 10, 11, 12, 13, 14, 15, 16, 17, 18, 19, 18, 17, 16, 15, 14, 13, 12, 11, 10, 9, 8, 7, 6, 5, 4, 3, 2, 1 ],
    "blend_frames": false
  },
  {
    "flipbook_texture": "textures/blocks/lava_flow",
    "atlas_tile": "flowing_lava",
    "ticks_per_frame": 3,
    "replicate": 2,
    "blend_frames": false
  },
  {
    "flipbook_texture": "textures/blocks/magma",
    "atlas_tile": "magma",
    "ticks_per_frame": 8
  },
  {
    "flipbook_texture": "textures/blocks/prismarine_rough",
    "atlas_tile": "prismarine",
    "ticks_per_frame": 300,
    "frames": [ 0, 1, 0, 2, 0, 3, 0, 1, 2, 1, 3, 1, 0, 2, 1, 2, 3, 2, 0, 3, 1, 3 ]
  },
  {
    "flipbook_texture": "textures/blocks/portal",
    "atlas_tile": "portal"
  },
  {
    "flipbook_texture": "textures/blocks/sea_lantern",
    "atlas_tile": "sea_lantern",
    "ticks_per_frame": 5
  },
  {
    "flipbook_texture": "textures/blocks/command_block_front",
    "atlas_tile": "command_block_front",
    "ticks_per_frame": 10
  },
  {
    "flipbook_texture": "textures/blocks/command_block_back",
    "atlas_tile": "command_block_back",
    "ticks_per_frame": 10
  },
  {
    "flipbook_texture": "textures/blocks/command_block_side",
    "atlas_tile": "command_block_side",
    "ticks_per_frame": 10
  },
  {
    "flipbook_texture": "textures/blocks/command_block_conditional",
    "atlas_tile": "command_block_conditional_side",
    "ticks_per_frame": 10
  },
  {
    "flipbook_texture": "textures/blocks/repeating_command_block_front",
    "atlas_tile": "command_block_repeating_front",
    "ticks_per_frame": 10
  },
  {
    "flipbook_texture": "textures/blocks/repeating_command_block_back",
    "atlas_tile": "command_block_repeating_back",
    "ticks_per_frame": 10
  },
  {
    "flipbook_texture": "textures/blocks/repeating_command_block_side",
    "atlas_tile": "command_block_repeating_side",
    "ticks_per_frame": 10
  },
  {
    "flipbook_texture": "textures/blocks/repeating_command_block_conditional",
    "atlas_tile": "command_block_repeating_conditional_side",
    "ticks_per_frame": 10
  },
  {
    "flipbook_texture": "textures/blocks/chain_command_block_front",
    "atlas_tile": "command_block_chain_front",
    "ticks_per_frame": 10
  },
  {
    "flipbook_texture": "textures/blocks/chain_command_block_back",
    "atlas_tile": "command_block_chain_back",
    "ticks_per_frame": 10
  },
  {
    "flipbook_texture": "textures/blocks/chain_command_block_side",
    "atlas_tile": "command_block_chain_side",
    "ticks_per_frame": 10
  },
  {
    "flipbook_texture": "textures/blocks/chain_command_block_conditional",
    "atlas_tile": "command_block_chain_conditional_side",
    "ticks_per_frame": 10
  },
  {
    "flipbook_texture": "textures/blocks/seagrass_doubletall_top_b",
    "atlas_tile": "seagrass_tall_top_b",
    "ticks_per_frame": 2,
    "blend_frames": false
  },
  {
    "flipbook_texture": "textures/blocks/seagrass_doubletall_top_a",
    "atlas_tile": "seagrass_tall_top_a",
    "ticks_per_frame": 2,
    "blend_frames": false
  },
  {
    "flipbook_texture": "textures/blocks/seagrass_doubletall_bottom_b",
    "atlas_tile": "seagrass_tall_bot_b",
    "ticks_per_frame": 2,
    "blend_frames": false
  },
  {
    "flipbook_texture": "textures/blocks/seagrass_doubletall_bottom_a",
    "atlas_tile": "seagrass_tall_bot_a",
    "ticks_per_frame": 2,
    "blend_frames": false
  },
  {
    "flipbook_texture": "textures/blocks/seagrass",
    "atlas_tile": "seagrass_short",
    "ticks_per_frame": 2,
    "blend_frames": false
  },
  {
    "flipbook_texture": "textures/blocks/kelp_a",
    "atlas_tile": "kelp_a",
    "ticks_per_frame": 2,
    "frames": [ 0, 1, 2, 3, 4, 5, 6, 7, 8, 9, 10, 11, 12, 13, 14, 15, 16, 17, 18, 19 ],
    "blend_frames": false
  },
  {
    "flipbook_texture": "textures/blocks/kelp_b",
    "atlas_tile": "kelp_b",
    "ticks_per_frame": 2,
    "frames": [ 5, 6, 7, 8, 9, 10, 11, 12, 13, 14, 15, 16, 17, 18, 19, 0, 1, 2, 3, 4 ],
    "blend_frames": false
  },
  {
    "flipbook_texture": "textures/blocks/kelp_c",
    "atlas_tile": "kelp_c",
    "ticks_per_frame": 2,
    "frames": [ 10, 11, 12, 13, 14, 15, 16, 17, 18, 19, 0, 1, 2, 3, 4, 5, 6, 7, 8, 9 ],
    "blend_frames": false
  },
  {
    "flipbook_texture": "textures/blocks/kelp_d",
    "atlas_tile": "kelp_d",
    "ticks_per_frame": 2,
    "frames": [ 15, 16, 17, 18, 19, 0, 1, 2, 3, 4, 5, 6, 7, 8, 9, 10, 11, 12, 13, 14 ],
    "blend_frames": false
  },
  {
    "flipbook_texture": "textures/blocks/kelp_top",
    "atlas_tile": "kelp_top",
    "ticks_per_frame": 2,
    "frames": [ 0, 1, 2, 3, 4, 5, 6, 7, 8, 9, 10, 11, 12, 13, 14, 15, 16, 17, 18, 19 ],
    "blend_frames": false
  },
  {
    "flipbook_texture": "textures/blocks/kelp_top_bulb",
    "atlas_tile": "kelp_top_bulb",
    "ticks_per_frame": 2,
    "frames": [ 10, 11, 12, 13, 14, 15, 16, 17, 18, 19, 0, 1, 2, 3, 4, 5, 6, 7, 8, 9 ],
    "blend_frames": false
  },
  {
    "flipbook_texture": "textures/blocks/water_still_grey",
    "atlas_tile": "still_water_grey",
    "ticks_per_frame": 2,
    "blend_frames": false
  },
  {
    "flipbook_texture": "textures/blocks/water_flow_grey",
    "atlas_tile": "flowing_water_grey",
    "replicate": 2,
    "blend_frames": false
  },
  {
    "flipbook_texture": "textures/blocks/lantern",
    "atlas_tile": "lantern",
    "ticks_per_frame": 8,
    "blend_frames": false
  },
  {
    "flipbook_texture": "textures/blocks/stonecutter_top",
    "atlas_tile": "stonecutter_top",
    "ticks_per_frame": 1,
    "blend_frames": false
  },
  {
    "flipbook_texture": "textures/blocks/stonecutter2_saw",
    "atlas_tile": "stonecutter2_saw",
    "frames": [ 0, 1, 2 ],
    "ticks_per_frame": 1,
    "blend_frames": false
  },
  {
    "flipbook_texture": "textures/blocks/campfire",
    "atlas_tile": "campfire_fire",
    "ticks_per_frame": 2,
    "blend_frames": false
  }
]
