{
  "ambient.weather.thunder": {
    "category": "weather",
    "min_distance": 100.0,
    "sounds": [
      "sounds/ambient/weather/thunder1",
      "sounds/ambient/weather/thunder2",
      "sounds/ambient/weather/thunder3"
    ]
  },
  "ambient.weather.lightning.impact": {
    "category": "weather",
    "min_distance": 100.0,
    "sounds": [
      "sounds/random/explode1",
      "sounds/random/explode2",
      "sounds/random/explode3",
      "sounds/random/explode4"
    ]
  },
  "ambient.weather.rain": {
    "category": "weather",
    "min_distance": 100.0,
    "sounds": [
      {
        "name": "sounds/ambient/weather/rain1",
        "volume": 0.1
      },
      {
        "name": "sounds/ambient/weather/rain2",
        "volume": 0.1
      },
      {
        "name": "sounds/ambient/weather/rain3",
        "volume": 0.1
      },
      {
        "name": "sounds/ambient/weather/rain4",
        "volume": 0.1
      },
      {
        "name": "sounds/ambient/weather/rain5",
        "volume": 0.1
      },
      {
        "name": "sounds/ambient/weather/rain6",
        "volume": 0.1
      },
      {
        "name": "sounds/ambient/weather/rain7",
        "volume": 0.1
      },
      {
        "name": "sounds/ambient/weather/rain8",
        "volume": 0.1
      }
    ]
  },
  "ambient.cave": {
    "category": "ambient",
    "sounds": [
      "sounds/ambient/cave/cave1",
      "sounds/ambient/cave/cave2",
      "sounds/ambient/cave/cave3",
      "sounds/ambient/cave/cave4",
      "sounds/ambient/cave/cave5",
      "sounds/ambient/cave/cave6",
      "sounds/ambient/cave/cave7",
      "sounds/ambient/cave/cave8",
      "sounds/ambient/cave/cave9",
      "sounds/ambient/cave/cave10",
      "sounds/ambient/cave/cave11",
      "sounds/ambient/cave/cave12",
      "sounds/ambient/cave/cave13",
      "sounds/ambient/cave/cave14",
      "sounds/ambient/cave/cave15", 
      "sounds/ambient/cave/cave16",
      "sounds/ambient/cave/cave17",
      "sounds/ambient/cave/cave18",
      "sounds/ambient/cave/cave19"
    ]
  },
  "ambient.underwater.enter": {
    "category": "ambient",
    "sounds": [
      "sounds/ambient/underwater/enter1",
      "sounds/ambient/underwater/enter2",
      "sounds/ambient/underwater/enter3"
    ]
  },
  "ambient.underwater.exit": {
    "category": "ambient",
    "sounds": [
      "sounds/ambient/underwater/exit1",
      "sounds/ambient/underwater/exit2",
      "sounds/ambient/underwater/exit3"
    ]
  },
  "ambient.underwater.loop": {
    "category": "ambient",
    "sounds": [
      "sounds/ambient/underwater/underwater_ambience"
    ]
  },
  "ambient.underwater.loop.additions": {
    "category": "ambient",
    "sounds": [
      "sounds/ambient/underwater/additions/bubbles1",
      "sounds/ambient/underwater/additions/bubbles2",
      "sounds/ambient/underwater/additions/bubbles3",
      "sounds/ambient/underwater/additions/bubbles4",
      "sounds/ambient/underwater/additions/bubbles5",
      "sounds/ambient/underwater/additions/bubbles6",
      "sounds/ambient/underwater/additions/water1",
      "sounds/ambient/underwater/additions/water2"
    ]
  },
  "ambient.underwater.loop.additions.rare": {
    "category": "ambient",
    "sounds": [
      "sounds/ambient/underwater/additions/bass_whale1",
      "sounds/ambient/underwater/additions/bass_whale2",
      "sounds/ambient/underwater/additions/animal1",
      "sounds/ambient/underwater/additions/crackles1",
      "sounds/ambient/underwater/additions/crackles2",
      "sounds/ambient/underwater/additions/earth_crack",
      "sounds/ambient/underwater/additions/driplets1",
      "sounds/ambient/underwater/additions/driplets2"
    ]
  },
  "ambient.underwater.loop.additions.ultra_rare": {
    "category": "ambient",
    "sounds": [
      "sounds/ambient/underwater/additions/dark1",
      "sounds/ambient/underwater/additions/dark2",
      "sounds/ambient/underwater/additions/dark3",
      "sounds/ambient/underwater/additions/dark4",
      "sounds/ambient/underwater/additions/animal2"
    ]
  },
  "underwater.ambience": {
    "category": "ambient",
    "sounds": [
      "sounds/random/silence",
      "sounds/random/silence",
      "sounds/random/silence",
      "sounds/random/silence",
      "sounds/random/silence",
      "sounds/random/silence",
      "sounds/random/silence",
      "sounds/random/silence",
      "sounds/random/silence",
      "sounds/random/silence",
      "sounds/random/silence",
      "sounds/random/silence",
      "sounds/random/silence",
      "sounds/random/silence",
      "sounds/random/silence",
      "sounds/random/silence",
      "sounds/random/silence",
      "sounds/random/silence",
      "sounds/random/silence",
      "sounds/random/silence",
      "sounds/random/silence",
      "sounds/random/silence",
      "sounds/random/silence",
      "sounds/random/silence",
      "sounds/random/silence",
      "sounds/random/silence",
      "sounds/random/silence",
      "sounds/random/silence",
      "sounds/random/silence",
      "sounds/random/silence",
      "sounds/random/silence",
      "sounds/random/silence",
      "sounds/random/silence",
      "sounds/random/silence",
      "sounds/random/silence",
      "sounds/random/silence",
      "sounds/random/silence",
      "sounds/random/silence",
      "sounds/random/silence",
      "sounds/random/silence",
      "sounds/random/silence",
      "sounds/random/silence",
      "sounds/random/silence",
      "sounds/random/silence",
      "sounds/ambient/underwater/additions/bubbles1",
      "sounds/ambient/underwater/additions/bubbles2",
      "sounds/ambient/underwater/additions/bubbles3",
      "sounds/ambient/underwater/additions/bubbles4",
      "sounds/ambient/underwater/additions/bubbles5",
      "sounds/ambient/underwater/additions/bubbles6",
      "sounds/ambient/underwater/additions/water1",
      "sounds/ambient/underwater/additions/water2",
      "sounds/ambient/underwater/additions/bubbles1",
      "sounds/ambient/underwater/additions/bubbles2",
      "sounds/ambient/underwater/additions/bubbles3",
      "sounds/ambient/underwater/additions/bubbles4",
      "sounds/ambient/underwater/additions/bubbles5",
      "sounds/ambient/underwater/additions/bubbles6",
      "sounds/ambient/underwater/additions/water1",
      "sounds/ambient/underwater/additions/water2",
      "sounds/ambient/underwater/additions/bubbles1",
      "sounds/ambient/underwater/additions/bubbles2",
      "sounds/ambient/underwater/additions/bubbles3",
      "sounds/ambient/underwater/additions/bubbles4",
      "sounds/ambient/underwater/additions/bubbles5",
      "sounds/ambient/underwater/additions/bubbles6",
      "sounds/ambient/underwater/additions/water1",
      "sounds/ambient/underwater/additions/water2",
      "sounds/ambient/underwater/additions/bass_whale1",
      "sounds/ambient/underwater/additions/bass_whale2",
      "sounds/ambient/underwater/additions/animal1",
      "sounds/ambient/underwater/additions/crackles1",
      "sounds/ambient/underwater/additions/crackles2",
      "sounds/ambient/underwater/additions/earth_crack",
      "sounds/ambient/underwater/additions/driplets1",
      "sounds/ambient/underwater/additions/driplets2",
      "sounds/ambient/underwater/additions/bass_whale1",
      "sounds/ambient/underwater/additions/bass_whale2",
      "sounds/ambient/underwater/additions/animal1",
      "sounds/ambient/underwater/additions/crackles1",
      "sounds/ambient/underwater/additions/crackles2",
      "sounds/ambient/underwater/additions/earth_crack",
      "sounds/ambient/underwater/additions/driplets1",
      "sounds/ambient/underwater/additions/driplets2",
      "sounds/ambient/underwater/additions/dark1",
      "sounds/ambient/underwater/additions/dark2",
      "sounds/ambient/underwater/additions/dark3",
      "sounds/ambient/underwater/additions/dark4",
      "sounds/ambient/underwater/additions/animal2"
    ]
  },
  "custom.splash": {
    "category": "weather",
    "min_distance": 100.0,
    "sounds": [
      "sounds/liquid/splash1",
      "sounds/liquid/splash2"
    ]
  },
  "block.false_permissions": {
    "category": "block",
    "sounds": [
      "sounds/block/permissions/shimmer/shimmerblock"
    ]
  },
  "block.itemframe.add_item": {
    "category": "block",
    "sounds": [
      "sounds/block/itemframe/add_item1",
      "sounds/block/itemframe/add_item2",
      "sounds/block/itemframe/add_item3",
      "sounds/block/itemframe/add_item4"
    ]
  },
  "block.itemframe.break": {
    "category": "block",
    "sounds": [
      "sounds/block/itemframe/break1",
      "sounds/block/itemframe/break2",
      "sounds/block/itemframe/break3"
    ]
  },
  "block.itemframe.place": {
    "category": "block",
    "sounds": [
      "sounds/block/itemframe/place1",
      "sounds/block/itemframe/place2",
      "sounds/block/itemframe/place3",
      "sounds/block/itemframe/place4"
    ]
  },
  "block.itemframe.remove_item": {
    "category": "block",
    "sounds": [
      "sounds/block/itemframe/remove_item1",
      "sounds/block/itemframe/remove_item2",
      "sounds/block/itemframe/remove_item3",
      "sounds/block/itemframe/remove_item4"
    ]
  },
  "block.itemframe.rotate_item": {
    "category": "block",
    "sounds": [
      "sounds/block/itemframe/rotate_item1",
      "sounds/block/itemframe/rotate_item2",
      "sounds/block/itemframe/rotate_item3",
      "sounds/block/itemframe/rotate_item4"
    ]
  },
  "bucket.empty_lava": {
    "category": "bucket",
    "sounds": [
      "sounds/bucket/empty_lava1",
      "sounds/bucket/empty_lava2",
      "sounds/bucket/empty_lava3"
    ]
  },
  "bucket.empty_water": {
    "category": "bucket",
    "sounds": [
      "sounds/bucket/empty1",
      "sounds/bucket/empty2",
      "sounds/bucket/empty3"
    ]
  },
  "bucket.fill_lava": {
    "category": "bucket",
    "sounds": [
      "sounds/bucket/fill_lava1",
      "sounds/bucket/fill_lava2",
      "sounds/bucket/fill_lava3"
    ]
  },
  "bucket.fill_water": {
    "category": "bucket",
    "sounds": [
      "sounds/bucket/fill1",
      "sounds/bucket/fill2",
      "sounds/bucket/fill3"
    ]
  },
  "cauldron.explode": {
    "category": "block",
    "sounds": [
      {
        "name": "sounds/random/explode1",
        "volume": 0.3
      },
      {
        "name": "sounds/random/explode2",
        "volume": 0.3
      },
      {
        "name": "sounds/random/explode3",
        "volume": 0.3
      },
      {
        "name": "sounds/random/explode4",
        "volume": 0.3
      }
    ]
  },
  "cauldron.dyearmor": {
    "category": "block",
    "sounds": [
      {
        "name": "sounds/random/splash",
        "volume": 0.1
      }
    ]
  },
  "cauldron.cleanarmor": {
    "category": "block",
    "sounds": [
      {
        "name": "sounds/random/splash",
        "volume": 0.1
      }
    ]
  },
  "cauldron.fillpotion": {
    "category": "block",
    "sounds": [
      {
        "name": "sounds/random/splash",
        "volume": 0.1
      }
    ]
  },
  "cauldron.takepotion": {
    "category": "block",
    "sounds": [
      {
        "name": "sounds/random/splash",
        "volume": 0.1
      }
    ]
  },
  "cauldron.fillwater": {
    "category": "block",
    "sounds": [
      {
        "name": "sounds/random/splash",
        "volume": 0.1
      }
    ]
  },
  "cauldron.takewater": {
    "category": "block",
    "sounds": [
      {
        "name": "sounds/random/splash",
        "volume": 0.1
      }
    ]
  },
  "cauldron.adddye": {
    "category": "block",
    "sounds": [
      {
        "name": "sounds/random/splash",
        "volume": 0.1
      }
    ]
  },
  "damage.fallbig": {
    "category": "player",
    "sounds": [
      "sounds/damage/fallbig"
    ]
  },
  "damage.fallsmall": {
    "category": "player",
    "sounds": [
      "sounds/damage/fallsmall"
    ]
  },
  "elytra.loop": {
    "category": "neutral",
    "sounds": [
      "sounds/elytra/elytra_loop"
    ]
  },
  "entity.ghast.ambient": {
    "category": "hostile",
    "min_distance": 100.0,
    "sounds": [
      {
        "name": "sounds/mob/ghast/moan1",
        "volume": 0.5
      },
      {
        "name": "sounds/mob/ghast/moan2",
        "volume": 0.5
      },
      {
        "name": "sounds/mob/ghast/moan3",
        "volume": 0.5
      },
      {
        "name": "sounds/mob/ghast/moan4",
        "volume": 0.5
      },
      {
        "name": "sounds/mob/ghast/moan5",
        "volume": 0.5
      },
      {
        "name": "sounds/mob/ghast/moan6",
        "volume": 0.5
      },
      {
        "name": "sounds/mob/ghast/moan7",
        "volume": 0.5
      }
    ]
  },
  "entity.ghast.death": {
    "category": "hostile",
    "min_distance": 100.0,
    "sounds": [
      {
        "name": "sounds/mob/ghast/death",
        "volume": 0.5
      }
    ]
  },
  "entity.ghast.hurt": {
    "category": "hostile",
    "min_distance": 100.0,
    "sounds": [
      {
        "name": "sounds/mob/ghast/scream1",
        "volume": 0.5
      },
      {
        "name": "sounds/mob/ghast/scream2",
        "volume": 0.5
      },
      {
        "name": "sounds/mob/ghast/scream3",
        "volume": 0.5
      },
      {
        "name": "sounds/mob/ghast/scream4",
        "volume": 0.5
      },
      {
        "name": "sounds/mob/ghast/scream5",
        "volume": 0.5
      }
    ]
  },
  "entity.ghast.scream": {
    "category": "hostile",
    "min_distance": 100.0,
    "sounds": [
      {
        "name": "sounds/mob/ghast/affectionate_scream",
        "volume": 0.5
      }
    ]
  },
  "entity.ghast.shoot": {
    "category": "hostile",
    "min_distance": 100.0,
    "sounds": [
      {
        "name": "sounds/mob/ghast/fireball4",
        "volume": 0.5
      }
    ]
  },
  "entity.ghast.warn": {
    "category": "hostile",
    "min_distance": 100.0,
    "sounds": [
      {
        "name": "sounds/mob/ghast/charge",
        "volume": 0.5
      }
    ]
  },
  "game.player.attack.nodamage": {
    "sounds": [
      {
        "name": "sounds/mob/player/attack/weak1",
        "volume": 0.7
      },
      {
        "name": "sounds/mob/player/attack/weak2",
        "volume": 0.7
      },
      {
        "name": "sounds/mob/player/attack/weak3",
        "volume": 0.7
      },
      {
        "name": "sounds/mob/player/attack/weak4",
        "volume": 0.7
      }
    ]
  },
  "game.player.hurt": {
    "category": "player",
    "sounds": [
      "sounds/damage/hit1",
      "sounds/damage/hit2",
      "sounds/damage/hit3"
    ]
  },
  "game.player.die": {
    "category": "player",
    "sounds": [
      "sounds/damage/hit1",
      "sounds/damage/hit2",
      "sounds/damage/hit3"
    ]
  },
  "dig.cloth": {
    "category": "block",
    "sounds": [
      "sounds/dig/cloth1",
      "sounds/dig/cloth2",
      "sounds/dig/cloth3",
      "sounds/dig/cloth4"
    ]
  },
  "dig.grass": {
    "category": "block",
    "sounds": [
      "sounds/dig/grass1",
      "sounds/dig/grass2",
      "sounds/dig/grass3",
      "sounds/dig/grass4"
    ]
  },
  "dig.wet_grass": {
    "category": "block",
    "sounds": [
      "sounds/dig/wet_grass1",
      "sounds/dig/wet_grass2",
      "sounds/dig/wet_grass3",
      "sounds/dig/wet_grass4"
    ]
  },
  "dig.gravel": {
    "category": "block",
    "sounds": [
      "sounds/dig/gravel1",
      "sounds/dig/gravel2",
      "sounds/dig/gravel3",
      "sounds/dig/gravel4"
    ]
  },
  "dig.sand": {
    "category": "block",
    "sounds": [
      "sounds/dig/sand1",
      "sounds/dig/sand2",
      "sounds/dig/sand3",
      "sounds/dig/sand4"
    ]
  },
  "dig.snow": {
    "category": "block",
    "sounds": [
      "sounds/dig/snow1",
      "sounds/dig/snow2",
      "sounds/dig/snow3",
      "sounds/dig/snow4"
    ]
  },
  "dig.stone": {
    "category": "block",
    "sounds": [
      "sounds/dig/stone1",
      "sounds/dig/stone2",
      "sounds/dig/stone3",
      "sounds/dig/stone4"
    ]
  },
  "dig.wood": {
    "category": "block",
    "sounds": [
      "sounds/dig/wood1",
      "sounds/dig/wood2",
      "sounds/dig/wood3",
      "sounds/dig/wood4"
    ]
  },
  "dig.coral": {
    "category": "block",
    "sounds": [
      "sounds/dig/coral1",
      "sounds/dig/coral2",
      "sounds/dig/coral3",
      "sounds/dig/coral4"
    ]
  },
  "tile.piston.in": {
    "category": "block",
    "sounds": [
      "sounds/tile/piston/in"
    ]
  },
  "tile.piston.out": {
    "category": "block",
    "sounds": [
      "sounds/tile/piston/out"
    ]
  },
  "fire.fire": {
    "category": "block",
    "sounds": [
      "sounds/fire/fire"
    ]
  },
  "fire.ignite": {
    "category": "block",
    "sounds": [
      "sounds/fire/ignite"
    ]
  },
  "liquid.lava": {
    "category": "block",
    "sounds": [
      "sounds/liquid/lava"
    ]
  },
  "liquid.lavapop": {
    "category": "block",
    "sounds": [
      "sounds/liquid/lavapop"
    ]
  },
  "liquid.water": {
    "category": "block",
    "sounds": [
      "sounds/liquid/water"
    ]
  },
  "minecart.base": {
    "category": "neutral",
    "sounds": [
      "sounds/minecart/base"
    ]
  },
  "minecart.inside": {
    "category": "neutral",
    "sounds": [
      "sounds/minecart/inside"
    ]
  },
  "mob.bat.death": {
    "category": "neutral",
    "sounds": [
      "sounds/mob/bat/death"
    ]
  },
  "mob.bat.hurt": {
    "category": "neutral",
    "sounds": [
      "sounds/mob/bat/hurt1",
      "sounds/mob/bat/hurt2",
      "sounds/mob/bat/hurt3",
      "sounds/mob/bat/hurt4"
    ]
  },
  "mob.bat.idle": {
    "category": "neutral",
    "sounds": [
      "sounds/mob/bat/idle1",
      "sounds/mob/bat/idle2",
      "sounds/mob/bat/idle3",
      "sounds/mob/bat/idle4"
    ]
  },
  "mob.bat.takeoff": {
    "category": "neutral",
    "sounds": [
      "sounds/mob/bat/takeoff"
    ]
  },
  "mob.blaze.breathe": {
    "category": "hostile",
    "sounds": [
      "sounds/mob/blaze/breathe1",
      "sounds/mob/blaze/breathe2",
      "sounds/mob/blaze/breathe3",
      "sounds/mob/blaze/breathe4"
    ]
  },
  "mob.blaze.death": {
    "category": "hostile",
    "sounds": [
      "sounds/mob/blaze/death"
    ]
  },
  "mob.blaze.hit": {
    "category": "hostile",
    "sounds": [
      "sounds/mob/blaze/hit1",
      "sounds/mob/blaze/hit2",
      "sounds/mob/blaze/hit3",
      "sounds/mob/blaze/hit4"
    ]
  },
  "mob.blaze.shoot": {
    "sounds": [
      {
        "name": "sounds/mob/ghast/fireball4",
        "volume": 3
      }
    ],
    "subtitle": "subtitles.entity.blaze.shoot"
  },
  "mob.chicken.hurt": {
    "category": "neutral",
    "sounds": [
      "sounds/mob/chicken/hurt1",
      "sounds/mob/chicken/hurt2"
    ]
  },
  "mob.chicken.plop": {
    "category": "neutral",
    "sounds": [
      "sounds/mob/chicken/plop"
    ]
  },
  "mob.chicken.say": {
    "category": "neutral",
    "sounds": [
      "sounds/mob/chicken/say1",
      "sounds/mob/chicken/say2",
      "sounds/mob/chicken/say3"
    ]
  },
  "mob.chicken.step": {
    "category": "neutral",
    "sounds": [
      "sounds/mob/chicken/step1",
      "sounds/mob/chicken/step2"
    ]
  },
  "mob.cow.hurt": {
    "category": "neutral",
    "sounds": [
      "sounds/mob/cow/hurt1",
      "sounds/mob/cow/hurt2",
      "sounds/mob/cow/hurt3"
    ]
  },
  "mob.cow.say": {
    "category": "neutral",
    "sounds": [
      "sounds/mob/cow/say1",
      "sounds/mob/cow/say2",
      "sounds/mob/cow/say3",
      "sounds/mob/cow/say4"
    ]
  },
  "mob.cow.step": {
    "category": "neutral",
    "sounds": [
      "sounds/mob/cow/step1",
      "sounds/mob/cow/step2",
      "sounds/mob/cow/step3",
      "sounds/mob/cow/step4"
    ]
  },
  "mob.cow.milk": {
    "category": "neutral",
    "sounds": [
      "sounds/mob/cow/milk1",
      "sounds/mob/cow/milk2",
      "sounds/mob/cow/milk3"
    ]
  },
  "mob.creeper.death": {
    "category": "hostile",
    "sounds": [
      "sounds/mob/creeper/death"
    ]
  },
  "mob.creeper.say": {
    "category": "hostile",
    "sounds": [
      "sounds/mob/creeper/say1",
      "sounds/mob/creeper/say2",
      "sounds/mob/creeper/say3",
      "sounds/mob/creeper/say4"
    ]
  },
  "mob.endermen.death": {
    "category": "hostile",
    "sounds": [
      "sounds/mob/endermen/death"
    ]
  },
  "mob.endermen.hit": {
    "category": "hostile",
    "sounds": [
      "sounds/mob/endermen/hit1",
      "sounds/mob/endermen/hit2",
      "sounds/mob/endermen/hit3",
      "sounds/mob/endermen/hit4"
    ]
  },
  "mob.endermen.idle": {
    "category": "hostile",
    "sounds": [
      "sounds/mob/endermen/idle1",
      "sounds/mob/endermen/idle2",
      "sounds/mob/endermen/idle3",
      "sounds/mob/endermen/idle4",
      "sounds/mob/endermen/idle5"
    ]
  },
  "mob.endermen.portal": {
    "category": "hostile",
    "sounds": [
      "sounds/mob/endermen/portal",
      "sounds/mob/endermen/portal2"
    ]
  },
  "mob.endermen.scream": {
    "category": "hostile",
    "sounds": [
      "sounds/mob/endermen/scream1",
      "sounds/mob/endermen/scream2",
      "sounds/mob/endermen/scream3",
      "sounds/mob/endermen/scream4"
    ]
  },
  "mob.endermen.stare": {
    "category": "hostile",
    "sounds": [
      "sounds/mob/endermen/stare"
    ]
  },
  "mob.enderdragon.death": {
    "category": "hostile",
    "sounds": [
      {
        "name": "sounds/mob/enderdragon/end",
        "volume": 8
      }
    ]
  },
  "mob.enderdragon.hit": {
    "category": "hostile",
    "sounds": [
      {
        "name": "sounds/mob/enderdragon/hit1",
        "volume": 7
      },
      {
        "name": "sounds/mob/enderdragon/hit2",
        "volume": 7
      },
      {
        "name": "sounds/mob/enderdragon/hit3",
        "volume": 7
      },
      {
        "name": "sounds/mob/enderdragon/hit4",
        "volume": 7
      }
    ]
  },
  "mob.enderdragon.flap": {
    "category": "neutral",
    "sounds": [
      {
        "name": "sounds/mob/enderdragon/wings1",
        "volume": 5
      },
      {
        "name": "sounds/mob/enderdragon/wings2",
        "volume": 5
      },
      {
        "name": "sounds/mob/enderdragon/wings3",
        "volume": 5
      },
      {
        "name": "sounds/mob/enderdragon/wings4",
        "volume": 5
      },
      {
        "name": "sounds/mob/enderdragon/wings5",
        "volume": 5
      },
      {
        "name": "sounds/mob/enderdragon/wings6",
        "volume": 5
      }
    ]
  },
  "mob.enderdragon.growl": {
    "category": "hostile",
    "sounds": [
      {
        "name": "sounds/mob/enderdragon/growl1",
        "volume": 8
      },
      {
        "name": "sounds/mob/enderdragon/growl2",
        "volume": 8
      },
      {
        "name": "sounds/mob/enderdragon/growl3",
        "volume": 8
      },
      {
        "name": "sounds/mob/enderdragon/growl4",
        "volume": 8
      }
    ]
  },
  "mob.ghast.affectionate_scream": {
    "category": "hostile",
    "min_distance": 100.0,
    "sounds": [
      {
        "name": "sounds/mob/ghast/affectionate_scream",
        "volume": 0.5
      }
    ]
  },
  "mob.ghast.charge": {
    "category": "hostile",
    "min_distance": 100.0,
    "sounds": [
      {
        "name": "sounds/mob/ghast/charge",
        "volume": 0.5
      }
    ]
  },
  "mob.ghast.death": {
    "category": "hostile",
    "min_distance": 100.0,
    "sounds": [
      {
        "name": "sounds/mob/ghast/death",
        "volume": 0.5
      }
    ]
  },
  "mob.ghast.fireball": {
    "category": "hostile",
    "sounds": [
       "sounds/mob/ghast/fireball4"
    ]
  },
  "mob.ghast.moan": {
    "category": "hostile",
    "min_distance": 100.0,
    "sounds": [
      {
        "name": "sounds/mob/ghast/moan1",
        "volume": 0.5
      },
      {
        "name":"sounds/mob/ghast/moan2",
        "volume": 0.5
      },
      {
        "name":"sounds/mob/ghast/moan3",
        "volume": 0.5
      },
      {
        "name":"sounds/mob/ghast/moan4",
        "volume": 0.5
      },
      {
        "name":"sounds/mob/ghast/moan5",
        "volume": 0.5
      },
      {
        "name":"sounds/mob/ghast/moan6",
        "volume": 0.5
      },
      {
        "name":"sounds/mob/ghast/moan7",
        "volume": 0.5
      }
    ]
  },
  "mob.ghast.scream": {
    "category": "hostile",
    "min_distance": 100.0,
    "sounds": [
      {
        "name": "sounds/mob/ghast/scream1",
        "volume": 0.5
      },
      {
        "name": "sounds/mob/ghast/scream2",
        "volume": 0.5
      },
      {
        "name": "sounds/mob/ghast/scream3",
        "volume": 0.5
      },
      {
        "name": "sounds/mob/ghast/scream4",
        "volume": 0.5
      },
      {
        "name": "sounds/mob/ghast/scream5",
        "volume": 0.5
      }
    ]
  },
  "mob.guardian.ambient": {
    "category": "hostile",
    "sounds": [
      "sounds/mob/guardian/ambient1",
      "sounds/mob/guardian/ambient2",
      "sounds/mob/guardian/ambient3",
      "sounds/mob/guardian/ambient4"
    ]
  },
  "mob.guardian.attack_loop": {
    "category": "hostile",
    "sounds": [
      "sounds/mob/guardian/attack_loop"
    ]
  },
  "mob.elderguardian.curse": {
    "category": "hostile",
    "sounds": [
      "sounds/mob/guardian/curse"
    ]
  },
  "mob.elderguardian.death": {
    "category": "hostile",
    "sounds": [
      "sounds/mob/guardian/elder_death"
    ]
  },
  "mob.elderguardian.hit": {
    "category": "hostile",
    "sounds": [
      "sounds/mob/guardian/elder_hit1",
      "sounds/mob/guardian/elder_hit2",
      "sounds/mob/guardian/elder_hit3",
      "sounds/mob/guardian/elder_hit4"
    ]
  },
  "mob.elderguardian.idle": {
    "category": "hostile",
    "sounds": [
      "sounds/mob/guardian/elder_idle1",
      "sounds/mob/guardian/elder_idle2",
      "sounds/mob/guardian/elder_idle3",
      "sounds/mob/guardian/elder_idle4"
    ]
  },
  "mob.guardian.flop": {
    "category": "hostile",
    "sounds": [
      "sounds/mob/guardian/flop1",
      "sounds/mob/guardian/flop2",
      "sounds/mob/guardian/flop3",
      "sounds/mob/guardian/flop4"
    ]
  },
  "mob.guardian.death": {
    "category": "hostile",
    "sounds": [
      "sounds/mob/guardian/guardian_death"
    ]
  },
  "mob.guardian.hit": {
    "category": "hostile",
    "sounds": [
      "sounds/mob/guardian/guardian_hit1",
      "sounds/mob/guardian/guardian_hit2",
      "sounds/mob/guardian/guardian_hit3",
      "sounds/mob/guardian/guardian_hit4"
    ]
  },
  "mob.guardian.land_death": {
    "category": "hostile",
    "sounds": [
      "sounds/mob/guardian/land_death"
    ]
  },
  "mob.guardian.land_hit": {
    "category": "hostile",
    "sounds": [
      "sounds/mob/guardian/land_hit1",
      "sounds/mob/guardian/land_hit2",
      "sounds/mob/guardian/land_hit3",
      "sounds/mob/guardian/land_hit4"
    ]
  },
  "mob.guardian.land_idle": {
    "category": "hostile",
    "sounds": [
      "sounds/mob/guardian/land_idle1",
      "sounds/mob/guardian/land_idle2",
      "sounds/mob/guardian/land_idle3",
      "sounds/mob/guardian/land_idle4"
    ]
  },
  "mob.horse.angry": {
    "category": "neutral",
    "sounds": [
      "sounds/mob/horse/angry1"
    ]
  },
  "mob.horse.armor": {
    "category": "neutral",
    "sounds": [
      "sounds/mob/horse/armor"
    ]
  },
  "mob.horse.breathe": {
    "category": "neutral",
    "sounds": [
      "sounds/mob/horse/breathe1",
      "sounds/mob/horse/breathe2",
      "sounds/mob/horse/breathe3"
    ]
  },
  "mob.horse.death": {
    "category": "neutral",
    "sounds": [
      "sounds/mob/horse/death"
    ]
  },
  "mob.horse.donkey.angry": {
    "category": "neutral",
    "sounds": [
      "sounds/mob/horse/donkey/angry1",
      "sounds/mob/horse/donkey/angry2"
    ]
  },
  "mob.horse.donkey.death": {
    "category": "neutral",
    "sounds": [
      "sounds/mob/horse/donkey/death"
    ]
  },
  "mob.horse.donkey.hit": {
    "category": "neutral",
    "sounds": [
      "sounds/mob/horse/donkey/hit1",
      "sounds/mob/horse/donkey/hit2",
      "sounds/mob/horse/donkey/hit3"
    ]
  },
  "mob.horse.donkey.idle": {
    "category": "neutral",
    "sounds": [
      "sounds/mob/horse/donkey/idle1",
      "sounds/mob/horse/donkey/idle2",
      "sounds/mob/horse/donkey/idle3"
    ]
  },
  "mob.horse.eat": {
    "sounds": [
      "sounds/mob/horse/eat1",
      "sounds/mob/horse/eat2",
      "sounds/mob/horse/eat3",
      "sounds/mob/horse/eat4",
      "sounds/mob/horse/eat5"
    ]
  },
  "mob.horse.gallop": {
    "category": "neutral",
    "sounds": [
      "sounds/mob/horse/gallop1",
      "sounds/mob/horse/gallop2",
      "sounds/mob/horse/gallop3",
      "sounds/mob/horse/gallop4"
    ]
  },
  "mob.horse.hit": {
    "category": "neutral",
    "sounds": [
      "sounds/mob/horse/hit1",
      "sounds/mob/horse/hit2",
      "sounds/mob/horse/hit3",
      "sounds/mob/horse/hit4"
    ]
  },
  "mob.horse.idle": {
    "category": "neutral",
    "sounds": [
      "sounds/mob/horse/idle1",
      "sounds/mob/horse/idle2",
      "sounds/mob/horse/idle3"
    ]
  },
  "mob.horse.jump": {
    "category": "neutral",
    "sounds": [
      "sounds/mob/horse/jump"
    ]
  },
  "mob.horse.land": {
    "category": "neutral",
    "sounds": [
      "sounds/mob/horse/land"
    ]
  },
  "mob.horse.leather": {
    "category": "neutral",
    "sounds": [
      "sounds/mob/horse/leather"
    ]
  },
  "mob.horse.skeleton.death": {
    "category": "neutral",
    "sounds": [
      "sounds/mob/horse/skeleton/death"
    ]
  },
  "mob.horse.skeleton.hit": {
    "category": "neutral",
    "sounds": [
      "sounds/mob/horse/skeleton/hit1",
      "sounds/mob/horse/skeleton/hit2",
      "sounds/mob/horse/skeleton/hit3",
      "sounds/mob/horse/skeleton/hit4"
    ]
  },
  "mob.horse.skeleton.idle": {
    "category": "neutral",
    "sounds": [
      "sounds/mob/horse/skeleton/idle1",
      "sounds/mob/horse/skeleton/idle2",
      "sounds/mob/horse/skeleton/idle3"
    ]
  },
  "mob.horse.soft": {
    "category": "neutral",
    "sounds": [
      "sounds/mob/horse/soft1",
      "sounds/mob/horse/soft2",
      "sounds/mob/horse/soft3",
      "sounds/mob/horse/soft4",
      "sounds/mob/horse/soft5",
      "sounds/mob/horse/soft6"
    ]
  },
  "mob.horse.wood": {
    "category": "neutral",
    "sounds": [
      "sounds/mob/horse/wood1",
      "sounds/mob/horse/wood2",
      "sounds/mob/horse/wood3",
      "sounds/mob/horse/wood4",
      "sounds/mob/horse/wood5",
      "sounds/mob/horse/wood6"
    ]
  },
  "mob.horse.zombie.death": {
    "category": "neutral",
    "sounds": [
      "sounds/mob/horse/zombie/death"
    ]
  },
  "mob.horse.zombie.hit": {
    "category": "neutral",
    "sounds": [
      "sounds/mob/horse/zombie/hit1",
      "sounds/mob/horse/zombie/hit2",
      "sounds/mob/horse/zombie/hit3",
      "sounds/mob/horse/zombie/hit4"
    ]
  },
  "mob.horse.zombie.idle": {
    "category": "neutral",
    "sounds": [
      "sounds/mob/horse/zombie/idle1",
      "sounds/mob/horse/zombie/idle2",
      "sounds/mob/horse/zombie/idle3"
    ]
  },
  "mob.husk.ambient": {
    "sounds": [
      "sounds/mob/husk/idle1",
      "sounds/mob/husk/idle2",
      "sounds/mob/husk/idle3"
    ]
  },
  "mob.husk.death": {
    "sounds": [
      "sounds/mob/husk/death1",
      "sounds/mob/husk/death2"
    ]
  },
  "mob.husk.hurt": {
    "sounds": [
      "sounds/mob/husk/hurt1",
      "sounds/mob/husk/hurt2"
    ]
  },
  "mob.husk.step": {
    "sounds": [
      "sounds/mob/husk/step1",
      "sounds/mob/husk/step2",
      "sounds/mob/husk/step3",
      "sounds/mob/husk/step4",
      "sounds/mob/husk/step5"
    ]
  },
  "mob.irongolem.throw": {
    "category": "hostile",
    "sounds": [
      "sounds/mob/irongolem/throw"
    ]
  },
  "mob.irongolem.death": {
    "category": "hostile",
    "sounds": [
      "sounds/mob/irongolem/death"
    ]
  },
  "mob.irongolem.hit": {
    "category": "hostile",
    "sounds": [
      "sounds/mob/irongolem/hit1",
      "sounds/mob/irongolem/hit2",
      "sounds/mob/irongolem/hit3",
      "sounds/mob/irongolem/hit4"
    ]
  },
  "mob.irongolem.walk": {
    "category": "hostile",
    "sounds": [
      "sounds/mob/irongolem/walk1",
      "sounds/mob/irongolem/walk2",
      "sounds/mob/irongolem/walk3",
      "sounds/mob/irongolem/walk4"
    ]
  },
  "mob.ravager.ambient": {
    "category": "hostile",
    "sounds": [
      "sounds/mob/ravager/idle1",
      "sounds/mob/ravager/idle2",
      "sounds/mob/ravager/idle3",
      "sounds/mob/ravager/idle4",
      "sounds/mob/ravager/idle5",
      "sounds/mob/ravager/idle6",
      "sounds/mob/ravager/idle7",
      "sounds/mob/ravager/idle8"
    ]
  },
  "mob.ravager.attack": {
    "category": "hostile",
    "sounds": [
      "sounds/mob/ravager/bite1",
      "sounds/mob/ravager/bite2",
      "sounds/mob/ravager/bite3"
    ]
  },
  "mob.ravager.death": {
    "category": "hostile",
    "sounds": [
      "sounds/mob/ravager/death1",
      "sounds/mob/ravager/death2",
      "sounds/mob/ravager/death3"
    ]
  },
  "mob.ravager.hurt": {
    "category": "hostile",
    "sounds": [
      "sounds/mob/ravager/hurt1",
      "sounds/mob/ravager/hurt2",
      "sounds/mob/ravager/hurt3",
      "sounds/mob/ravager/hurt4"
    ]
  },
  "mob.ravager.step": {
    "category": "hostile",
    "sounds": [
      "sounds/mob/ravager/step1",
      "sounds/mob/ravager/step2",
      "sounds/mob/ravager/step3",
      "sounds/mob/ravager/step4",
      "sounds/mob/ravager/step5"
    ]
  },
  "mob.ravager.stunned": {
    "category": "hostile",
    "sounds": [
      "sounds/mob/ravager/stun1",
      "sounds/mob/ravager/stun2",
      "sounds/mob/ravager/stun3"
    ]
  },
  "mob.ravager.roar": {
    "category": "hostile",
    "sounds": [
      "sounds/mob/ravager/roar1",
      "sounds/mob/ravager/roar2",
      "sounds/mob/ravager/roar3",
      "sounds/mob/ravager/roar4"
    ]
  },
  "mob.shulker.ambient": {
    "category": "neutral",
    "sounds": [
      "sounds/mob/shulker/ambient1",
      "sounds/mob/shulker/ambient2",
      "sounds/mob/shulker/ambient3",
      "sounds/mob/shulker/ambient4",
      "sounds/mob/shulker/ambient5",
      "sounds/mob/shulker/ambient6",
      "sounds/mob/shulker/ambient7"
    ]
  },
  "mob.shulker.close": {
    "category": "neutral",
    "sounds": [
      "sounds/mob/shulker/close1",
      "sounds/mob/shulker/close2",
      "sounds/mob/shulker/close3",
      "sounds/mob/shulker/close4",
      "sounds/mob/shulker/close5"
    ]
  },
  "mob.shulker.death": {
    "category": "neutral",
    "sounds": [
      "sounds/mob/shulker/death1",
      "sounds/mob/shulker/death2",
      "sounds/mob/shulker/death3",
      "sounds/mob/shulker/death4"
    ]
  },
  "mob.shulker.close.hurt": {
    "category": "neutral",
    "sounds": [
      "sounds/mob/shulker/hurt_close1",
      "sounds/mob/shulker/hurt_close2",
      "sounds/mob/shulker/hurt_close3",
      "sounds/mob/shulker/hurt_close4",
      "sounds/mob/shulker/hurt_close5"
    ]
  },
  "mob.shulker.hurt": {
    "category": "neutral",
    "sounds": [
      "sounds/mob/shulker/hurt1",
      "sounds/mob/shulker/hurt2",
      "sounds/mob/shulker/hurt3",
      "sounds/mob/shulker/hurt4"
    ]
  },
  "mob.shulker.open": {
    "category": "neutral",
    "sounds": [
      "sounds/mob/shulker/open1",
      "sounds/mob/shulker/open2",
      "sounds/mob/shulker/open3",
      "sounds/mob/shulker/open4",
      "sounds/mob/shulker/open5"
    ]
  },
  "mob.shulker.shoot": {
    "category": "neutral",
    "sounds": [
      {
        "name": "sounds/mob/shulker/shoot1",
        "volume": 2.0
      },
      {
        "name": "sounds/mob/shulker/shoot2",
        "volume": 2.0
      },
      {
        "name": "sounds/mob/shulker/shoot3",
        "volume": 2.0
      },
      {
        "name": "sounds/mob/shulker/shoot4",
        "volume": 2.0
      }
      
    ]
  },
  "mob.shulker.teleport": {
    "category": "neutral",
    "sounds": [
      "sounds/mob/endermen/portal",
      "sounds/mob/endermen/portal2"
    ]
  },
  "mob.shulker.bullet.hit": {
    "category": "neutral",
    "sounds": [
      "sounds/mob/shulker/shulker_bullet/hit1",
      "sounds/mob/shulker/shulker_bullet/hit2",
      "sounds/mob/shulker/shulker_bullet/hit3",
      "sounds/mob/shulker/shulker_bullet/hit4"
    ]
  },
  "mob.magmacube.big": {
    "category": "hostile",
    "sounds": [
      "sounds/mob/magmacube/big1",
      "sounds/mob/magmacube/big2",
      "sounds/mob/magmacube/big3",
      "sounds/mob/magmacube/big4"
    ]
  },
  "mob.magmacube.jump": {
    "category": "hostile",
    "sounds": [
      "sounds/mob/magmacube/jump1",
      "sounds/mob/magmacube/jump2",
      "sounds/mob/magmacube/jump3",
      "sounds/mob/magmacube/jump4"
    ]
  },
  "mob.magmacube.small": {
    "category": "hostile",
    "sounds": [
      "sounds/mob/magmacube/small1",
      "sounds/mob/magmacube/small2",
      "sounds/mob/magmacube/small3",
      "sounds/mob/magmacube/small4",
      "sounds/mob/magmacube/small5"
    ]
  },
  "mob.pig.death": {
    "category": "neutral",
    "sounds": [
      "sounds/mob/pig/death"
    ]
  },
  "mob.pig.boost": {
    "category": "neutral",
    "sounds": [
      "sounds/mob/pig/boost1",
      "sounds/mob/pig/boost2",
      "sounds/mob/pig/boost3",
      "sounds/mob/pig/boost4long",
      "sounds/mob/pig/boost5long"
    ]
  },
  "mob.pig.say": {
    "category": "neutral",
    "sounds": [
      "sounds/mob/pig/say1",
      "sounds/mob/pig/say2",
      "sounds/mob/pig/say3"
    ]
  },
  "mob.pig.step": {
    "category": "neutral",
    "sounds": [
      "sounds/mob/pig/step1",
      "sounds/mob/pig/step2",
      "sounds/mob/pig/step3",
      "sounds/mob/pig/step4",
      "sounds/mob/pig/step5"
    ]
  },
  "mob.rabbit.hurt": {
    "category": "neutral",
    "sounds": [
      {
        "name": "sounds/mob/rabbit/hurt1",
        "volume": 0.5
      },
      {
        "name": "sounds/mob/rabbit/hurt2",
        "volume": 0.5
      },
      {
        "name": "sounds/mob/rabbit/hurt3",
        "volume": 0.5
      },
      {
        "name": "sounds/mob/rabbit/hurt4",
        "volume": 0.5
      }
    ]
  },
  "mob.rabbit.idle": {
    "category": "neutral",
    "sounds": [
      {
        "name": "sounds/mob/rabbit/idle1",
        "volume": 0.25
      },
      {
        "name": "sounds/mob/rabbit/idle2",
        "volume": 0.25
      },
      {
        "name": "sounds/mob/rabbit/idle3",
        "volume": 0.25
      },
      {
        "name": "sounds/mob/rabbit/idle4",
        "volume": 0.25
      }
    ]
  },
  "mob.rabbit.hop": {
    "category": "neutral",
    "sounds": [
      {
        "name": "sounds/mob/rabbit/hop1",
        "volume": 0.1
      },
      {
        "name": "sounds/mob/rabbit/hop2",
        "volume": 0.1
      },
      {
        "name": "sounds/mob/rabbit/hop3",
        "volume": 0.1
      },
      {
        "name": "sounds/mob/rabbit/hop4",
        "volume": 0.1
      }
    ]
  },
  "mob.rabbit.death": {
    "category": "neutral",
    "sounds": [
      {
        "name": "sounds/mob/rabbit/bunnymurder",
        "volume": 0.5
      }
    ]
  },
  "mob.sheep.say": {
    "category": "neutral",
    "sounds": [
      "sounds/mob/sheep/say1",
      "sounds/mob/sheep/say2",
      "sounds/mob/sheep/say3"
    ]
  },
  "mob.sheep.shear": {
    "category": "neutral",
    "sounds": [
      "sounds/mob/sheep/shear"
    ]
  },
  "mob.sheep.step": {
    "category": "neutral",
    "sounds": [
      "sounds/mob/sheep/step1",
      "sounds/mob/sheep/step2",
      "sounds/mob/sheep/step3",
      "sounds/mob/sheep/step4",
      "sounds/mob/sheep/step5"
    ]
  },
  "mob.silverfish.hit": {
    "category": "hostile",
    "sounds": [
      "sounds/mob/silverfish/hit1",
      "sounds/mob/silverfish/hit2",
      "sounds/mob/silverfish/hit3"
    ]
  },
  "mob.silverfish.kill": {
    "category": "hostile",
    "sounds": [
      "sounds/mob/silverfish/kill"
    ]
  },
  "mob.silverfish.say": {
    "category": "hostile",
    "sounds": [
      "sounds/mob/silverfish/say1",
      "sounds/mob/silverfish/say2",
      "sounds/mob/silverfish/say3",
      "sounds/mob/silverfish/say4"
    ]
  },
  "mob.silverfish.step": {
    "category": "hostile",
    "sounds": [
      "sounds/mob/silverfish/step1",
      "sounds/mob/silverfish/step2",
      "sounds/mob/silverfish/step3",
      "sounds/mob/silverfish/step4"
    ]
  },
  "mob.endermite.hit": {
    "category": "hostile",
    "sounds": [
      "sounds/mob/silverfish/hit1",
      "sounds/mob/silverfish/hit2",
      "sounds/mob/silverfish/hit3"
    ]
  },
  "mob.endermite.kill": {
    "category": "hostile",
    "sounds": [
      "sounds/mob/silverfish/kill"
    ]
  },
  "mob.endermite.say": {
    "category": "hostile",
    "sounds": [
      "sounds/mob/silverfish/say1",
      "sounds/mob/silverfish/say2",
      "sounds/mob/silverfish/say3",
      "sounds/mob/silverfish/say4"
    ]
  },
  "mob.endermite.step": {
    "category": "hostile",
    "sounds": [
      "sounds/mob/silverfish/step1",
      "sounds/mob/silverfish/step2",
      "sounds/mob/silverfish/step3",
      "sounds/mob/silverfish/step4"
    ]
  },
  "mob.skeleton.death": {
    "category": "hostile",
    "sounds": [
      "sounds/mob/skeleton/death"
    ]
  },
  "mob.skeleton.hurt": {
    "category": "hostile",
    "sounds": [
      "sounds/mob/skeleton/hurt1",
      "sounds/mob/skeleton/hurt2",
      "sounds/mob/skeleton/hurt3",
      "sounds/mob/skeleton/hurt4"
    ]
  },
  "mob.skeleton.say": {
    "category": "hostile",
    "sounds": [
      "sounds/mob/skeleton/say1",
      "sounds/mob/skeleton/say2",
      "sounds/mob/skeleton/say3"
    ]
  },
  "mob.skeleton.step": {
    "category": "hostile",
    "sounds": [
      "sounds/mob/skeleton/step1",
      "sounds/mob/skeleton/step2",
      "sounds/mob/skeleton/step3",
      "sounds/mob/skeleton/step4"
    ]
  },
  "mob.wandering_trader.ambient": {
    "category": "neutral",
    "sounds": [
      "sounds/mob/wandering_trader/idle1",
      "sounds/mob/wandering_trader/idle2",
      "sounds/mob/wandering_trader/idle3",
      "sounds/mob/wandering_trader/idle4",
      "sounds/mob/wandering_trader/idle5"
    ]
  },
  "mob.wandering_trader.death": {
    "category": "neutral",
    "sounds": [
      "sounds/mob/wandering_trader/death"
    ]
  },
  "mob.wandering_trader.hurt": {
    "category": "neutral",
    "sounds": [
      "sounds/mob/wandering_trader/hurt1",
      "sounds/mob/wandering_trader/hurt2",
      "sounds/mob/wandering_trader/hurt3",
      "sounds/mob/wandering_trader/hurt4"
    ]
  },
  "mob.wandering_trader.no": {
    "category": "neutral",
    "sounds": [
      "sounds/mob/wandering_trader/no1",
      "sounds/mob/wandering_trader/no2",
      "sounds/mob/wandering_trader/no3",
      "sounds/mob/wandering_trader/no4",
      "sounds/mob/wandering_trader/no5"
    ]
  },
  "mob.wandering_trader.trade": {
    "category": "neutral",
    "sounds": [
      "sounds/mob/wandering_trader/haggle1",
      "sounds/mob/wandering_trader/haggle2"
    ]
  },
  "mob.wandering_trader.yes": {
    "category": "neutral",
    "sounds": [
      "sounds/mob/wandering_trader/yes1",
      "sounds/mob/wandering_trader/yes2",
      "sounds/mob/wandering_trader/yes3",
      "sounds/mob/wandering_trader/yes4"
    ]
  },
  "mob.wither_skeleton.death": {
    "category": "hostile",
    "sounds": [
      "sounds/mob/wither_skeleton/death1",
      "sounds/mob/wither_skeleton/death2"
    ]
  },
  "mob.wither_skeleton.hurt": {
    "category": "hostile",
    "sounds": [
      "sounds/mob/wither_skeleton/hurt1",
      "sounds/mob/wither_skeleton/hurt2",
      "sounds/mob/wither_skeleton/hurt3",
      "sounds/mob/wither_skeleton/hurt4"
    ]
  },
  "mob.wither_skeleton.idle": {
    "category": "hostile",
    "sounds": [
      "sounds/mob/wither_skeleton/idle1",
      "sounds/mob/wither_skeleton/idle2",
      "sounds/mob/wither_skeleton/idle3"
    ]
  },
  "mob.wither_skeleton.step": {
    "category": "hostile",
    "sounds": [
      "sounds/mob/wither_skeleton/step1",
      "sounds/mob/wither_skeleton/step2",
      "sounds/mob/wither_skeleton/step3",
      "sounds/mob/wither_skeleton/step4"
    ]
  },
  "mob.slime.big": {
    "category": "hostile",
    "sounds": [
      "sounds/mob/slime/big1",
      "sounds/mob/slime/big2",
      "sounds/mob/slime/big3",
      "sounds/mob/slime/big4"
    ]
  },
  "mob.slime.small": {
    "category": "hostile",
    "sounds": [
      "sounds/mob/slime/small1",
      "sounds/mob/slime/small2",
      "sounds/mob/slime/small3",
      "sounds/mob/slime/small4",
      "sounds/mob/slime/small5"
    ]
  },
  "mob.slime.attack": {
    "sounds": [
      "sounds/mob/slime/attack1",
      "sounds/mob/slime/attack2"
    ],
    "subtitle": "subtitles.entity.slime.attack"
  },
  "mob.slime.death": {
    "sounds": [
      "sounds/mob/slime/big1",
      "sounds/mob/slime/big2",
      "sounds/mob/slime/big3",
      "sounds/mob/slime/big4"
    ],
    "subtitle": "subtitles.entity.slime.death"
  },
  "mob.slime.hurt": {
    "sounds": [
      "sounds/mob/slime/big1",
      "sounds/mob/slime/big2",
      "sounds/mob/slime/big3",
      "sounds/mob/slime/big4"
    ],
    "subtitle": "subtitles.entity.slime.hurt"
  },
  "mob.slime.jump": {
    "sounds": [
      "sounds/mob/slime/big1",
      "sounds/mob/slime/big2",
      "sounds/mob/slime/big3",
      "sounds/mob/slime/big4"
    ],
    "subtitle": "subtitles.entity.slime.squish"
  },
  "mob.slime.squish": {
    "sounds": [
      "sounds/mob/slime/big1",
      "sounds/mob/slime/big2",
      "sounds/mob/slime/big3",
      "sounds/mob/slime/big4"
    ],
    "subtitle": "subtitles.entity.slime.squish"
  },
  "mob.snowgolem.death": {
    "sounds": [
      "sounds/mob/snowgolem/death1",
      "sounds/mob/snowgolem/death2",
      "sounds/mob/snowgolem/death3"
    ]
  },
  "mob.snowgolem.hurt": {
    "sounds": [
      "sounds/mob/snowgolem/hurt1",
      "sounds/mob/snowgolem/hurt2",
      "sounds/mob/snowgolem/hurt3"
    ]
  },
  "mob.snowgolem.shoot": {
    "sounds": [
      "sounds/random/bow"
    ]
  },
  "mob.spider.death": {
    "category": "hostile",
    "sounds": [
      "sounds/mob/spider/death"
    ]
  },
  "mob.spider.say": {
    "category": "hostile",
    "sounds": [
      "sounds/mob/spider/say1",
      "sounds/mob/spider/say2",
      "sounds/mob/spider/say3",
      "sounds/mob/spider/say4"
    ]
  },
  "mob.spider.step": {
    "category": "hostile",
    "sounds": [
      "sounds/mob/spider/step1",
      "sounds/mob/spider/step2",
      "sounds/mob/spider/step3",
      "sounds/mob/spider/step4"
    ]
  },
  "mob.squid.ambient": {
    "category": "neutral",
    "sounds": [
      "sounds/mob/squid/ambient1",
      "sounds/mob/squid/ambient2",
      "sounds/mob/squid/ambient3",
      "sounds/mob/squid/ambient4",
      "sounds/mob/squid/ambient5"
    ]
  },
  "mob.squid.death": {
    "category": "neutral",
    "sounds": [
      "sounds/mob/squid/death1",
      "sounds/mob/squid/death2",
      "sounds/mob/squid/death3"
    ]
  },
  "mob.squid.hurt": {
    "category": "neutral",
    "sounds": [
      "sounds/mob/squid/hurt1",
      "sounds/mob/squid/hurt2",
      "sounds/mob/squid/hurt3",
      "sounds/mob/squid/hurt4"
    ]
  },
  "mob.stray.ambient": {
    "sounds": [
      "sounds/mob/stray/idle1",
      "sounds/mob/stray/idle2",
      "sounds/mob/stray/idle3",
      "sounds/mob/stray/idle4"
    ]
  },
  "mob.stray.death": {
    "sounds": [
      "sounds/mob/stray/death1",
      "sounds/mob/stray/death2"
    ]
  },
  "mob.stray.hurt": {
    "sounds": [
      "sounds/mob/stray/hurt1",
      "sounds/mob/stray/hurt2",
      "sounds/mob/stray/hurt3",
      "sounds/mob/stray/hurt4"
    ]
  },
  "mob.stray.step": {
    "sounds": [
      "sounds/mob/stray/step1",
      "sounds/mob/stray/step2",
      "sounds/mob/stray/step3",
      "sounds/mob/stray/step4"
    ]
  },
  "mob.villager.death": {
    "category": "neutral",
    "sounds": [
      "sounds/mob/villager/death"
    ]
  },
  "mob.villager.haggle": {
    "category": "neutral",
    "sounds": [
      "sounds/mob/villager/haggle1",
      "sounds/mob/villager/haggle2",
      "sounds/mob/villager/haggle3"
    ]
  },
  "mob.villager.hit": {
    "category": "neutral",
    "sounds": [
      "sounds/mob/villager/hit1",
      "sounds/mob/villager/hit2",
      "sounds/mob/villager/hit3",
      "sounds/mob/villager/hit4"
    ]
  },
  "mob.villager.idle": {
    "category": "neutral",
    "sounds": [
      "sounds/mob/villager/idle1",
      "sounds/mob/villager/idle2",
      "sounds/mob/villager/idle3"
    ]
  },
  "mob.villager.no": {
    "category": "neutral",
    "sounds": [
      "sounds/mob/villager/no1",
      "sounds/mob/villager/no2",
      "sounds/mob/villager/no3"
    ]
  },
  "mob.villager.yes": {
    "category": "neutral",
    "sounds": [
      "sounds/mob/villager/yes1",
      "sounds/mob/villager/yes2",
      "sounds/mob/villager/yes3"
    ]
  },
  "mob.witch.ambient": {
    "sounds": [
      {
        "name": "sounds/mob/witch/ambient5",
        "pitch": 0.7
      },
      "sounds/mob/witch/ambient1",
      "sounds/mob/witch/ambient2",
      "sounds/mob/witch/ambient3",
      "sounds/mob/witch/ambient4",
      "sounds/mob/witch/ambient5"
    ]
  },
  "mob.witch.death": {
    "sounds": [
      "sounds/mob/witch/death1",
      "sounds/mob/witch/death2",
      "sounds/mob/witch/death3"
    ]
  },
  "mob.witch.hurt": {
    "sounds": [
      "sounds/mob/witch/hurt1",
      "sounds/mob/witch/hurt2",
      "sounds/mob/witch/hurt3"
    ]
  },
  "mob.witch.drink": {
    "sounds": [
      "sounds/mob/witch/drink1",
      "sounds/mob/witch/drink2",
      "sounds/mob/witch/drink3",
      "sounds/mob/witch/drink4"
    ]
  },
  "mob.witch.throw": {
    "sounds": [
      "sounds/mob/witch/throw1",
      "sounds/mob/witch/throw2",
      "sounds/mob/witch/throw3"
    ]
  },
  "mob.wither.ambient": {
    "sounds": [
      "sounds/mob/wither/idle1",
      "sounds/mob/wither/idle2",
      "sounds/mob/wither/idle3",
      "sounds/mob/wither/idle4"
    ]
  },
  "mob.wither.break_block": {
    "sounds": [
      "sounds/mob/zombie/woodbreak"
    ]
  },
  "mob.wither.death": {
    "sounds": [
      "sounds/mob/wither/death"
    ]
  },
  "mob.wither.hurt": {
    "sounds": [
      "sounds/mob/wither/hurt1",
      "sounds/mob/wither/hurt2",
      "sounds/mob/wither/hurt3",
      "sounds/mob/wither/hurt4"
    ]
  },
  "mob.wither.shoot": {
    "sounds": [
      "sounds/mob/wither/shoot"
    ]
  },
  "mob.wither.spawn": {
    "sounds": [
      "sounds/mob/wither/spawn"
    ]
  },
  "mob.wolf.bark": {
    "category": "neutral",
    "sounds": [
      "sounds/mob/wolf/bark1",
      "sounds/mob/wolf/bark2",
      "sounds/mob/wolf/bark3"
    ]
  },
  "mob.wolf.death": {
    "category": "neutral",
    "sounds": [
      "sounds/mob/wolf/death"
    ]
  },
  "mob.wolf.growl": {
    "category": "neutral",
    "sounds": [
      "sounds/mob/wolf/growl1",
      "sounds/mob/wolf/growl2",
      "sounds/mob/wolf/growl3"
    ]
  },
  "mob.wolf.hurt": {
    "category": "neutral",
    "sounds": [
      "sounds/mob/wolf/hurt1",
      "sounds/mob/wolf/hurt2",
      "sounds/mob/wolf/hurt3"
    ]
  },
  "mob.wolf.panting": {
    "category": "neutral",
    "sounds": [
      "sounds/mob/wolf/panting"
    ]
  },
  "mob.wolf.shake": {
    "category": "neutral",
    "sounds": [
      "sounds/mob/wolf/shake"
    ]
  },
  "mob.wolf.step": {
    "category": "neutral",
    "sounds": [
      "sounds/mob/wolf/step1",
      "sounds/mob/wolf/step2",
      "sounds/mob/wolf/step3",
      "sounds/mob/wolf/step4",
      "sounds/mob/wolf/step5"
    ]
  },
  "mob.wolf.whine": {
    "category": "neutral",
    "sounds": [
      "sounds/mob/wolf/whine"
    ]
  },
  "mob.cat.hiss": {
    "category": "neutral",
    "sounds": [
      "sounds/mob/cat/hiss1",
      "sounds/mob/cat/hiss2",
      "sounds/mob/cat/hiss3"
    ]
  },
  "mob.cat.hit": {
    "category": "neutral",
    "sounds": [
      "sounds/mob/cat/hitt1",
      "sounds/mob/cat/hitt2",
      "sounds/mob/cat/hitt3"
    ]
  },
  "mob.cat.meow": {
    "category": "neutral",
    "sounds": [
      "sounds/mob/cat/meow1",
      "sounds/mob/cat/meow2",
      "sounds/mob/cat/meow3",
      "sounds/mob/cat/meow4"
    ]
  },
  "mob.cat.purr": {
    "category": "neutral",
    "sounds": [
      "sounds/mob/cat/purr1",
      "sounds/mob/cat/purr2",
      "sounds/mob/cat/purr3"
    ]
  },
  "mob.cat.purreow": {
    "category": "neutral",
    "sounds": [
      "sounds/mob/cat/purreow1",
      "sounds/mob/cat/purreow2"
    ]
  },
  "mob.polarbear_baby.idle": {
    "category": "neutral",
    "sounds": [
      "sounds/mob/polarbear_baby/idle1",
      "sounds/mob/polarbear_baby/idle2",
      "sounds/mob/polarbear_baby/idle3",
      "sounds/mob/polarbear_baby/idle4"
    ]
  },
  "mob.polarbear.idle": {
    "category": "neutral",
    "sounds": [
      "sounds/mob/polarbear/idle1",
      "sounds/mob/polarbear/idle2",
      "sounds/mob/polarbear/idle3",
      "sounds/mob/polarbear/idle4"
    ]
  },
  "mob.polarbear.step": {
    "category": "neutral",
    "sounds": [
      "sounds/mob/polarbear/step1",
      "sounds/mob/polarbear/step2",
      "sounds/mob/polarbear/step3",
      "sounds/mob/polarbear/step4"
    ]
  },
  "mob.polarbear.warning": {
    "category": "hostile",
    "sounds": [
      "sounds/mob/polarbear/warning1",
      "sounds/mob/polarbear/warning2",
      "sounds/mob/polarbear/warning3",
      "sounds/mob/polarbear/warning4"
    ]
  },
  "mob.polarbear.hurt": {
    "category": "hostile",
    "sounds": [
      "sounds/mob/polarbear/hurt1",
      "sounds/mob/polarbear/hurt2",
      "sounds/mob/polarbear/hurt3",
      "sounds/mob/polarbear/hurt4"
    ]
  },
  "mob.polarbear.death": {
    "category": "hostile",
    "sounds": [
      "sounds/mob/polarbear/death1",
      "sounds/mob/polarbear/death2",
      "sounds/mob/polarbear/death3"
    ]
  },
  "mob.zombievillager.death": {
    "category": "hostile",
    "sounds": [
      "sounds/mob/zombie_villager/death"
    ]
  },
  "mob.zombie.death": {
    "category": "hostile",
    "sounds": [
      "sounds/mob/zombie/death"
    ]
  },
  "mob.zombievillager.hurt": {
    "category": "hostile",
    "sounds": [
      "sounds/mob/zombie_villager/hurt1",
      "sounds/mob/zombie_villager/hurt2"
    ]
  },
  "mob.zombie.hurt": {
    "category": "hostile",
    "sounds": [
      "sounds/mob/zombie/hurt1",
      "sounds/mob/zombie/hurt2"
    ]
  },
  "mob.zombie.remedy": {
    "category": "hostile",
    "sounds": [
      "sounds/mob/zombie/remedy"
    ]
  },
  "mob.zombie.unfect": {
    "category": "hostile",
    "sounds": [
      "sounds/mob/zombie/unfect"
    ]
  },
  "mob.zombievillager.say": {
    "category": "hostile",
    "sounds": [
      "sounds/mob/zombie_villager/say1",
      "sounds/mob/zombie_villager/say2",
      "sounds/mob/zombie_villager/say3"
    ]
  },
  "mob.zombie.say": {
    "category": "hostile",
    "sounds": [
      "sounds/mob/zombie/say1",
      "sounds/mob/zombie/say2",
      "sounds/mob/zombie/say3"
    ]
  },
  "mob.zombie.step": {
    "category": "hostile",
    "sounds": [
      "sounds/mob/zombie/step1",
      "sounds/mob/zombie/step2",
      "sounds/mob/zombie/step3",
      "sounds/mob/zombie/step4",
      "sounds/mob/zombie/step5"
    ]
  },
  "mob.zombie.wood": {
    "category": "hostile",
    "sounds": [
      "sounds/mob/zombie/wood1",
      "sounds/mob/zombie/wood2",
      "sounds/mob/zombie/wood3",
      "sounds/mob/zombie/wood4"
    ]
  },
  "mob.zombie.woodbreak": {
    "category": "hostile",
    "sounds": [
      "sounds/mob/zombie/woodbreak"
    ]
  },
  "mob.zombiepig.zpig": {
    "category": "hostile",
    "sounds": [
      "sounds/mob/zombiepig/zpig1",
      "sounds/mob/zombiepig/zpig2",
      "sounds/mob/zombiepig/zpig3",
      "sounds/mob/zombiepig/zpig4"
    ]
  },
  "mob.zombiepig.zpigangry": {
    "category": "hostile",
    "sounds": [
      "sounds/mob/zombiepig/zpigangry1",
      "sounds/mob/zombiepig/zpigangry2",
      "sounds/mob/zombiepig/zpigangry3",
      "sounds/mob/zombiepig/zpigangry4"
    ]
  },
  "mob.zombiepig.zpigdeath": {
    "category": "hostile",
    "sounds": [
      "sounds/mob/zombiepig/zpigdeath"
    ]
  },
  "mob.zombiepig.zpighurt": {
    "category": "hostile",
    "sounds": [
      "sounds/mob/zombiepig/zpighurt1",
      "sounds/mob/zombiepig/zpighurt2"
    ]
  },
  "note.bass": {
    "category": "record",
    "sounds": [
      "sounds/note/bass"
    ]
  },
  "note.bassattack": {
    "category": "record",
    "sounds": [
      "sounds/note/bassattack"
    ]
  },
  "note.bd": {
    "category": "record",
    "sounds": [
      "sounds/note/bd"
    ]
  },
  "note.harp": {
    "category": "record",
    "sounds": [
      "sounds/note/harp"
    ]
  },
  "note.hat": {
    "category": "record",
    "sounds": [
      "sounds/note/hat"
    ]
  },
  "note.pling": {
    "category": "record",
    "sounds": [
      "sounds/note/pling"
    ]
  },
  "note.snare": {
    "category": "record",
    "sounds": [
      "sounds/note/snare"
    ]
  },
  "player.swim": {
    "category": "player",
    "sounds": [
      "sounds/liquid/swim5",
      "sounds/liquid/swim6",
      "sounds/liquid/swim7",
      "sounds/liquid/swim8",
      "sounds/liquid/swim9",
      "sounds/liquid/swim10",
      "sounds/liquid/swim11",
      "sounds/liquid/swim12",
      "sounds/liquid/swim13",
      "sounds/liquid/swim14",
      "sounds/liquid/swim15",
      "sounds/liquid/swim16",
      "sounds/liquid/swim17",
      "sounds/liquid/swim18"
    ]
  },
  "portal.portal": {
    "category": "block",
    "sounds": [
      "sounds/portal/portal"
    ]
  },
  "portal.trigger": {
    "category": "ui",
    "sounds": [
      "sounds/portal/trigger"
    ]
  },
  "random.anvil_break": {
    "category": "block",
    "sounds": [
      "sounds/random/anvil_break"
    ]
  },
  "random.anvil_land": {
    "category": "block",
    "sounds": [
      "sounds/random/anvil_land"
    ]
  },
  "random.anvil_use": {
    "category": "block",
    "sounds": [
      "sounds/random/anvil_use"
    ]
  },
  "random.bow": {
    "category": "neutral",
    "sounds": [
      "sounds/random/bow"
    ]
  },
  "random.bowhit": {
    "category": "neutral",
    "sounds": [
      "sounds/random/bowhit1",
      "sounds/random/bowhit2",
      "sounds/random/bowhit3",
      "sounds/random/bowhit4"
    ]
  },
  "random.break": {
    "category": "player",
    "sounds": [
      "sounds/random/break"
    ]
  },
  "random.burp": {
    "category": "player",
    "sounds": [
      "sounds/random/burp"
    ]
  },
  "random.chestclosed": {
    "category": "block",
    "sounds": [
      "sounds/block/chest/close1",
      "sounds/block/chest/close2",
      "sounds/block/chest/close3"
    ]
  },
  "random.chestopen": {
    "category": "block",
    "sounds": [
      "sounds/block/chest/open"
    ]
  },
  "random.enderchestopen": {
    "category": "block",
    "sounds": [
      "sounds/block/enderchest/open"
    ]
  },
  "random.enderchestclose": {
    "category": "block",
    "sounds": [
      "sounds/block/enderchest/close"
    ]
  },
  "random.click": {
    "category": "ui",
    "sounds": [
      {
        "name": "sounds/random/click",
        "volume": 0.5
      }
    ]
  },
  "random.door_close": {
    "category": "block",
    "sounds": [
      "sounds/block/wooden_door/close1",
      "sounds/block/wooden_door/close2",
      "sounds/block/wooden_door/close3",
      "sounds/block/wooden_door/close4",
      "sounds/block/wooden_door/close5",
      "sounds/block/wooden_door/close6"
    ]
  },
  "random.door_open": {
    "category": "block",
    "sounds": [
      "sounds/block/wooden_door/open1",
      "sounds/block/wooden_door/open2",
      "sounds/block/wooden_door/open3",
      "sounds/block/wooden_door/open4"
    ]
  },
  "random.drink": {
    "category": "player",
    "sounds": [
      "sounds/random/drink"
    ]
  },
  "random.eat": {
    "category": "player",
    "sounds": [
      "sounds/random/eat1",
      "sounds/random/eat2",
      "sounds/random/eat3"
    ]
  },
  "random.explode": {
    "category": "block",
    "sounds": [
      "sounds/random/explode1",
      "sounds/random/explode2",
      "sounds/random/explode3",
      "sounds/random/explode4"
    ]
  },
  "random.fizz": {
    "category": "block",
    "sounds": [
      "sounds/random/fizz"
    ]
  },
  "random.fuse": {
    "category": "block",
    "sounds": [
      "sounds/random/fuse"
    ]
  },
  "random.glass": {
    "category": "block",
    "sounds": [
      "sounds/random/glass1",
      "sounds/random/glass2",
      "sounds/random/glass3"
    ]
  },
  "random.levelup": {
    "category": "player",
    "sounds": [
      "sounds/random/levelup"
    ]
  },
  "random.orb": {
    "category": "player",
    "sounds": [
      "sounds/random/orb"
    ]
  },
  "random.pop": {
    "category": "player",
    "sounds": [
      "sounds/random/pop1",
      "sounds/random/pop2"
    ]
  },
  "random.splash": {
    "category": "player",
    "volume": 1.0,
    "sounds": [
      "sounds/liquid/splash1",
      "sounds/liquid/splash2"
    ]
  },
  "random.swim": {
    "category": "player",
    "sounds": [
      "sounds/liquid/swim1",
      "sounds/liquid/swim2",
      "sounds/liquid/swim3",
      "sounds/liquid/swim4"
    ]
  },
  "random.hurt": {
    "category": "player",
    "sounds": [
      "sounds/random/hurt"
    ]
  },
  "random.toast": {
    "category": "ui",
    "sounds": [
      "sounds/random/toast"
    ]
  },
  "camera.take_picture": {
    "category": "player",
    "sounds": [
      "sounds/camera/camera_snap1",
      "sounds/camera/camera_snap2",
      "sounds/camera/camera_snap3"
    ]
  },
  "step.ladder": {
    "category": "neutral",
    "sounds": [
      "sounds/step/ladder1",
      "sounds/step/ladder2",
      "sounds/step/ladder3",
      "sounds/step/ladder4",
      "sounds/step/ladder5"
    ]
  },
  "step.cloth": {
    "category": "neutral",
    "sounds": [
      "sounds/step/cloth1",
      "sounds/step/cloth2",
      "sounds/step/cloth3",
      "sounds/step/cloth4"
    ]
  },
  "step.grass": {
    "category": "neutral",
    "sounds": [
      "sounds/step/grass1",
      "sounds/step/grass2",
      "sounds/step/grass3",
      "sounds/step/grass4",
      "sounds/step/grass5",
      "sounds/step/grass6"
    ]
  },
  "step.wet_grass": {
    "category": "neutral",
    "sounds": [
      "sounds/step/wet_grass1",
      "sounds/step/wet_grass2",
      "sounds/step/wet_grass3",
      "sounds/step/wet_grass4",
      "sounds/step/wet_grass5",
      "sounds/step/wet_grass6"
    ]
  },
  "step.gravel": {
    "category": "neutral",
    "sounds": [
      "sounds/step/gravel1",
      "sounds/step/gravel2",
      "sounds/step/gravel3",
      "sounds/step/gravel4"
    ]
  },
  "step.sand": {
    "category": "neutral",
    "sounds": [
      "sounds/step/sand1",
      "sounds/step/sand2",
      "sounds/step/sand3",
      "sounds/step/sand4",
      "sounds/step/sand5"
    ]
  },
  "step.slime": {
    "category": "neutral",
    "sounds": [
      "sounds/mob/slime/small1",
      "sounds/mob/slime/small2",
      "sounds/mob/slime/small3",
      "sounds/mob/slime/small4",
      "sounds/mob/slime/small5"
    ]
  },
  "step.snow": {
    "category": "neutral",
    "sounds": [
      "sounds/step/snow1",
      "sounds/step/snow2",
      "sounds/step/snow3",
      "sounds/step/snow4"
    ]
  },
  "step.stone": {
    "category": "neutral",
    "sounds": [
      "sounds/step/stone1",
      "sounds/step/stone2",
      "sounds/step/stone3",
      "sounds/step/stone4",
      "sounds/step/stone5",
      "sounds/step/stone6"
    ]
  },
  "step.wood": {
    "category": "neutral",
    "sounds": [
      "sounds/step/wood1",
      "sounds/step/wood2",
      "sounds/step/wood3",
      "sounds/step/wood4",
      "sounds/step/wood5",
      "sounds/step/wood6"
    ]
  },
  "step.coral": {
    "category": "neutral",
    "sounds": [
      "sounds/step/coral1",
      "sounds/step/coral2",
      "sounds/step/coral3",
      "sounds/step/coral4",
      "sounds/step/coral5",
      "sounds/step/coral6"
    ]
  },
  "jump.cloth": {
    "category": "neutral",
    "sounds": [
      "sounds/random/silence"
    ]
  },
  "jump.grass": {
    "category": "neutral",
    "sounds": [
      "sounds/random/silence"
    ]
  },
  "jump.gravel": {
    "category": "neutral",
    "sounds": [
      "sounds/random/silence"
    ]
  },
  "jump.sand": {
    "category": "neutral",
    "sounds": [
      "sounds/random/silence"
    ]
  },
  "jump.snow": {
    "category": "neutral",
    "sounds": [
      "sounds/random/silence"
    ]
  },
  "jump.stone": {
    "category": "neutral",
    "sounds": [
      "sounds/random/silence"
    ]
  },
  "jump.wood": {
    "category": "neutral",
    "sounds": [
      "sounds/random/silence"
    ]
  },
  "jump.slime": {
    "category": "neutral",
    "sounds": [
      "sounds/random/silence"
    ]
  },
  "vr.stutterturn": {
    "category": "player",
    "sounds": [
      "sounds/vr/turn1",
      "sounds/vr/turn2",
      "sounds/vr/turn3",
      "sounds/vr/turn4",
      "sounds/vr/turn5"
    ]
  },
  "music.menu": {
    "category": "music",
    "sounds": [
      {
        "name": "sounds/music/menu/menu1",
        "stream": true
      },
      {
        "name": "sounds/music/menu/menu2",
        "stream": true
      },
      {
        "name": "sounds/music/menu/menu3",
        "stream": true
      },
      {
        "name": "sounds/music/menu/menu4",
        "stream": true
      }
    ]
  },
  "music.game": {
    "category": "music",
    "sounds": [
      {
        "name": "sounds/music/game/calm1",
        "stream": true
      },
      {
        "name": "sounds/music/game/calm2",
        "stream": true
      },
      {
        "name": "sounds/music/game/calm3",
        "stream": true
      },
      {
        "name": "sounds/music/game/hal1",
        "stream": true
      },
      {
        "name": "sounds/music/game/hal2",
        "stream": true
      },
      {
        "name": "sounds/music/game/hal3",
        "stream": true
      },
      {
        "name": "sounds/music/game/hal4",
        "stream": true
      },
      {
        "name": "sounds/music/game/nuance1",
        "stream": true
      },
      {
        "name": "sounds/music/game/nuance2",
        "stream": true
      },
      {
        "name": "sounds/music/game/piano1",
        "stream": true
      },
      {
        "name": "sounds/music/game/piano2",
        "stream": true
      },
      {
        "name": "sounds/music/game/piano3",
        "stream": true
      }
    ]
  },
  "music.game.with_cave_sounds": {
    "category": "music",
    "sounds": [
      {
        "name": "sounds/music/game/calm1",
        "stream": true
      },
      {
        "name": "sounds/music/game/calm2",
        "stream": true
      },
      {
        "name": "sounds/music/game/calm3",
        "stream": true
      },
      {
        "name": "sounds/music/game/hal1",
        "stream": true
      },
      {
        "name": "sounds/music/game/hal2",
        "stream": true
      },
      {
        "name": "sounds/music/game/hal3",
        "stream": true
      },
      {
        "name": "sounds/music/game/hal4",
        "stream": true
      },
      {
        "name": "sounds/music/game/nuance1",
        "stream": true
      },
      {
        "name": "sounds/music/game/nuance2",
        "stream": true
      },
      {
        "name": "sounds/music/game/piano1",
        "stream": true
      },
      {
        "name": "sounds/music/game/piano2",
        "stream": true
      },
      {
        "name": "sounds/music/game/piano3",
        "stream": true
      },
      {
        "name": "sounds/music/game/calm1",
        "stream": true
      },
      {
        "name": "sounds/music/game/calm2",
        "stream": true
      },
      {
        "name": "sounds/music/game/calm3",
        "stream": true
      },
      {
        "name": "sounds/music/game/hal1",
        "stream": true
      },
      {
        "name": "sounds/music/game/hal2",
        "stream": true
      },
      {
        "name": "sounds/music/game/hal3",
        "stream": true
      },
      {
        "name": "sounds/music/game/hal4",
        "stream": true
      },
      {
        "name": "sounds/music/game/nuance1",
        "stream": true
      },
      {
        "name": "sounds/music/game/nuance2",
        "stream": true
      },
      {
        "name": "sounds/music/game/piano1",
        "stream": true
      },
      {
        "name": "sounds/music/game/piano2",
        "stream": true
      },
      {
        "name": "sounds/music/game/piano3",
        "stream": true
      },
      {
        "name": "sounds/music/game/calm1",
        "stream": true
      },
      {
        "name": "sounds/music/game/calm2",
        "stream": true
      },
      {
        "name": "sounds/music/game/calm3",
        "stream": true
      },
      {
        "name": "sounds/music/game/hal1",
        "stream": true
      },
      {
        "name": "sounds/music/game/hal2",
        "stream": true
      },
      {
        "name": "sounds/music/game/hal3",
        "stream": true
      },
      {
        "name": "sounds/music/game/hal4",
        "stream": true
      },
      {
        "name": "sounds/music/game/nuance1",
        "stream": true
      },
      {
        "name": "sounds/music/game/nuance2",
        "stream": true
      },
      {
        "name": "sounds/music/game/piano1",
        "stream": true
      },
      {
        "name": "sounds/music/game/piano2",
        "stream": true
      },
      {
        "name": "sounds/music/game/piano3",
        "stream": true
      },
      {
        "name": "sounds/music/game/calm1",
        "stream": true
      },
      {
        "name": "sounds/music/game/calm2",
        "stream": true
      },
      {
        "name": "sounds/music/game/calm3",
        "stream": true
      },
      {
        "name": "sounds/music/game/hal1",
        "stream": true
      },
      {
        "name": "sounds/music/game/hal2",
        "stream": true
      },
      {
        "name": "sounds/music/game/hal3",
        "stream": true
      },
      {
        "name": "sounds/music/game/hal4",
        "stream": true
      },
      {
        "name": "sounds/music/game/nuance1",
        "stream": true
      },
      {
        "name": "sounds/music/game/nuance2",
        "stream": true
      },
      {
        "name": "sounds/music/game/piano1",
        "stream": true
      },
      {
        "name": "sounds/music/game/piano2",
        "stream": true
      },
      {
        "name": "sounds/music/game/piano3",
        "stream": true
      },
      {
        "name": "sounds/ambient/cave/cave1",
        "stream": true
      },
      {
        "name": "sounds/ambient/cave/cave2",
        "stream": true
      },
      {
        "name": "sounds/ambient/cave/cave3",
        "stream": true
      },
      {
        "name": "sounds/ambient/cave/cave4",
        "stream": true
      },
      {
        "name": "sounds/ambient/cave/cave5",
        "stream": true
      },
      {
        "name": "sounds/ambient/cave/cave6",
        "stream": true
      },
      {
        "name": "sounds/ambient/cave/cave7",
        "stream": true
      },
      {
        "name": "sounds/ambient/cave/cave8",
        "stream": true
      },
      {
        "name": "sounds/ambient/cave/cave9",
        "stream": true
      },
      {
        "name": "sounds/ambient/cave/cave10",
        "stream": true
      },
      {
        "name": "sounds/ambient/cave/cave11",
        "stream": true
      },
      {
        "name": "sounds/ambient/cave/cave12",
        "stream": true
      },
      {
        "name": "sounds/ambient/cave/cave13",
        "stream": true
      },
      {
        "name": "sounds/ambient/cave/cave14",
        "stream": true
      },
      {
        "name": "sounds/ambient/cave/cave15",
        "stream": true
      },
      {
        "name": "sounds/ambient/cave/cave16",
        "stream": true
      },
      {
        "name": "sounds/ambient/cave/cave17",
        "stream": true
      },
      {
        "name": "sounds/ambient/cave/cave18",
        "stream": true
      },
      {
        "name": "sounds/ambient/cave/cave19",
        "stream": true
      }
    ]
  },
  "music.creative": {
    "category": "music",
    "sounds": [
      {
        "name": "sounds/music/game/calm1",
        "stream": true
      },
      {
        "name": "sounds/music/game/calm2",
        "stream": true
      },
      {
        "name": "sounds/music/game/calm3",
        "stream": true
      },
      {
        "name": "sounds/music/game/hal1",
        "stream": true
      },
      {
        "name": "sounds/music/game/hal2",
        "stream": true
      },
      {
        "name": "sounds/music/game/hal3",
        "stream": true
      },
      {
        "name": "sounds/music/game/hal4",
        "stream": true
      },
      {
        "name": "sounds/music/game/nuance1",
        "stream": true
      },
      {
        "name": "sounds/music/game/nuance2",
        "stream": true
      },
      {
        "name": "sounds/music/game/piano1",
        "stream": true
      },
      {
        "name": "sounds/music/game/piano2",
        "stream": true
      },
      {
        "name": "sounds/music/game/piano3",
        "stream": true
      },
      {
        "name": "sounds/music/game/creative/creative1",
        "stream": true
      },
      {
        "name": "sounds/music/game/creative/creative2",
        "stream": true
      },
      {
        "name": "sounds/music/game/creative/creative3",
        "stream": true
      },
      {
        "name": "sounds/music/game/creative/creative4",
        "stream": true
      },
      {
        "name": "sounds/music/game/creative/creative5",
        "stream": true
      },
      {
        "name": "sounds/music/game/creative/creative6",
        "stream": true
      }
    ]
  },
  "music.end": {
    "category": "music",
    "sounds": [
      {
        "name": "sounds/music/game/end/end",
        "stream": true
      }
    ]
  },
  "music.dragon": {
    "category": "music",
    "sounds": [
      {
        "name": "sounds/music/game/end/boss",
        "stream": true
      }
    ]
  },
  "music.nether": {
    "category": "music",
    "sounds": [
      {
        "name": "sounds/music/game/nether/nether1",
        "stream": true
      },
      {
        "name": "sounds/music/game/nether/nether2",
        "stream": true
      },
      {
        "name": "sounds/music/game/nether/nether3",
        "stream": true
      },
      {
        "name": "sounds/music/game/nether/nether4",
        "stream": true
      }
    ]
  },
  "music.credits": {
    "category": "music",
    "sounds": [
      {
        "name": "sounds/music/game/end/credits",
        "stream": true
      }
    ]
  },
  "secret.hey_guys_this_is_agentmindstorm.hmmm": {
    "category": "voice",
    "sounds": [
      "sounds/random/.secret"
    ]
  }
}